0	7674301	7677532	7680943	770530	bc1qvh20fqdklfqcs48hjmqfaay9glz7f7j5tpx038	image/png
4	7712905	7715736	7716947	7717178	7721199	772167	bc1pqvupavn437emkafe8hk8dd07lzy88p360g6dzqhse6vdtvy2fljsmtrtyf	image/webp
10	772642	bc1phjn9z9ds2kasfach6eye9pv0u6weer0csjnce8hz63l2ge20wxsskurvc5	image/webp
11	772657	bc1pdk6yk6vctjthec4vt6z5ulzhyjlxny9pwfa4trh407v7ew0z70gqg84pfx	image/webp
12	772676	bc1plqtlwdxzxr83cz68ncpvn8869cqz7ldu87vm9uextckv7789yqdqxxz56z	image/webp
13	772679	bc1pa382lq3dwhjdjxew0eh6jtslf9qxu5a2jj29s9qrffquz6w9xaxsnv3j0d	image/webp
14	772731	bc1paxv6lr52gfxn7sk5l6g3zr3xt5q4506em4z9mxmelgmke3yx7x5s2k8qle	image/webp
15	772768	bc1pu2rz3577ktcstldnagyjxx3tr06qvlzsygfzcm8wvskaynw5ycksvwnyu8	image/svg+xml
16	772775	bc1p7k0q5q8mkh7jcmwnyzdvd7m0py6dl2trmmmfvkzuf23akg77f5lsutnyja	image/webp
17	772831	bc1psqne6x3xlukkszcrnlrde4hwtuzkghjpdwecgce7prrs6jkjaw8sm3a6u2	image/gif
18	772904	bc1pt26k2gjfzydzat9px2rh42ehzf2x5qepk9fdujl7zdlf3dy7grqqfz4ayh	text/plain;charset=utf-8
19	772919	bc1pkl62p0p4lqs9s75ff9a7qu8jmgausy08suyfzy7xdeyftskktdlsc5n9wj	image/png
20	77295321	772960	bc1pj79cvnxgj5c2wuvsyl4j0xexzccqnna42nz3xtsyn2ktqz7fj3ssy0dxrw	image/png
22	77298023	77301824	773024	bc1pqtqjg0zhw8e73dtru89jhwwt64a2ncd25wwez70dvval6r53x2rsf384nf	image/jpeg
25	773043	bc1pj9g55702aj2n45ctzneyc62la0ag0gvhzqnp6wgc0ul0wj3cnhzshh9pk5	image/png
26	77304627	773046	bc1pscpes9eqef7uc04zfk08s5a0kktwwry52myav97d67ks4net0grqvn4mtv	image/jpeg
28	77304829	773050	bc1psk0c0e645qpjl58qv2de5r5prc3fg9nte7zq3wxzrlxqlq4s6wwqz8pm7t	image/png
30	773051	bc1pyq5adyak2j0tgx5f2jqurqkunudgz6phfy0zp3vz88jhl8g5xudqzvk2mc	image/png
31	77305432	773057	bc1p8fhrlspy0s4ttfuuetv0qkzs2y3xfh4dmy3pncr2cld09dtay5sqksmr5d	image/png
33	773058	bc1p4ydsvgvkazuwfpwd4uz7q0nrakv0anpsuxv70333evmf4y48t4dsqvclum	image/png
34	773059	bc1prn8gvxeq2t98ptrmxzsjrss9f2qvmgt3sret29n4rfh6chmvx6tsu4g25g	image/png
35	773059	bc1pkp6m4s5z9rwr7r07h5y46sn77v33eh9xhyvc3t88m9kadyypmhkqkfzn5g	text/plain;charset=utf-8
36	773060	bc1p4mhlk8dm5g9u5crj4axeh2f8m4dp8kde3u8urqa6krqfz7amfxsqkqt9mg	text/plain;charset=utf-8
37	773060	bc1pmcm05fga6lj2u0fvmc0pplw7klpxh3xq2zjuumklk0jycfs82agsfhsn86	image/jpeg
38	77306339	773063	bc1prpajz0u3m6m0pt4krvch4p2ve94ae8jy8uj2e4yq27x60a3yqsrs5jg4sq	image/jpeg
40	773064	bc1pdxmdm87hhcxlkjh8ma45e9vvtxqqccewst39uqt9ylfrwwjdm30ssc36xy	image/png
41	773065	bc1p5dymvw32d2pnal6hn9556r7f9larlkp0latnrxl5va809p04h3asp928lf	image/png
42	773066	bc1pqddhgux9p4v30r567847nvs93lme4pt20exnm0ydsqazurcms46shhzydv	image/png
43	773067	bc1p82yfyu75cnhw622j7xkxtf4cktl8ymvjtzdqsjn3pn4uec85juvsc8wtww	image/png
44	773068	bc1puraekhsqn7qrwfsrddfw9mmzga6fk2exhnsnq60j5uqsh738gxfsxeze44	image/png
45	773069	bc1pw9rnazcspxh3n8vdngsk688q0n9j3g3aj4mcfj99sakztg7zswjq5semgd	image/png
46	773102	bc1pdac3hdz5cldf90zunz5k48vnr5c09lk8leg9sn2p2ngtl53umtfq0cvkde	image/jpeg
47	773105	bc1pr5um2wmsljh7v5dxjm5d6v9fz72vldvfqe7wwxhcacdsulcxjcfs3n0gnc	text/plain;charset=utf-8
48	773107	bc1p5380jgvqf9zpunwhrvmry6v6yhpa9e3e9pf8nhp4ntxuqekdlchqt37y4k	image/png
49	773108	bc1pzlh4h263rtxl3wtqw28a4f5cv6qql8l98utpg0d8qpphhryh98yqpncphr	image/png
50	773108	bc1pefjcvk30fk5r42adygec5322hlk7cdtwu3j9wq5p5nk4z8cf278qdmgxe0	text/plain;charset=utf-8
51	773109	bc1pfanug5skzhssauuuxufgcmnh8dcpypfd09kmqdhct0kd6feyv2zqgvmfap	image/png
52	773110	bc1pcsmdthxvsvkpltn7wjwlyj7mzmvyluqp0r6eqmpx2em83q9pmveqmx64l4	image/png
53	77313254	773135	bc1p7u7eyz2uhzfrd33uvf95x2catjy0d97kpzqzng590nht9w7d9jxsrp6p7t	application/pdf
55	773146	bc1p2aks09rklwpj5xglt7jzhdckqjedn6q0zddfql600mfcuh6ahwzs0kk09h	image/png
56	77314657	773169	bc1p8zrztg5w9c69yq4nz2a0jrv9ffyh0zwua9gz7gfq458hp9gpsvaqgc4eaa	image/png
58	773173	bc1p2z7ptqmja5zz5dw0vshgt6sruwdep573p8cfx0cn6ukeyayu850s94xl6c	text/plain;charset=utf-8
59	773176	bc1pzs72zr7889q86v9pkrf3njkpqnt90z9p74s0jtmux5ezptkqp38qk3n0c8	text/plain;charset=utf-8
60	773179	bc1p5tgl05cp4a5vvpep3h5klyc0z4p35g43k36slzg8py4lqjhmv5pqkeejnl	image/png
61	773183	bc1pm299gp4fkvhy3ssfjq5wpn49h86lqt03hf44pqe3jhuckm4lwcwqvu78cw	text/plain;charset=utf-8
62	773186	bc1p98mkkcng4nlns9x7tzf8qrh7djs7t6u6fkfvmm0wa4s4ntjgnghsq8jd7y	text/plain;charset=utf-8
63	773186	bc1pf7nzrqejzhdd6fesc9h2y6xmzs8dmdg0wudr96r2u3sz65vwkfkq4677t6	video/webm
64	773190	bc1p08sldezexyczkjz7zrrntcsfzytq8ppcaj57u7446exvrwvpmajsej3ndn	image/png
65	773194	bc1ppjjc9qkkdl6d8ge7368v8wyt7vnwwa3lfa5fu4pkzz0l08u4hmrqjr4dld	image/jpeg
66	773201	bc1p0e87zdk8mfu9ppdpwawyhrc7efp5qvd9w9s6tx2dgcfdnpr2mv6svaw36a	image/webp
67	773202	bc1p0dqfn9qng2cu52wzw4azan7ed4mf5230xctzx73460fsp8au08lq3dqf2r	text/plain;charset=utf-8
68	773204	bc1pduwrrg9kwyr5jszwzjphtzs4zr2yeqd3vrx6jm89spv3w6jvl6ksjffkxn	text/plain;charset=utf-8
69	77320470	77320571	773206	bc1pmalkgdmjfd47wux6jmfpkf7njdgjwfxr2t3v02f8dyv52pwwknrqq59l7k	image/png
72	77320673	773209	bc1p8ld0jt8cx30g48mp7u9ehud3qfgl57h37mp7sudv9y4dfuw2uz4s3y79p8	audio/mpeg
74	773211	bc1pfdn200m7z995kq9u73083v67zwuntjpq00mc52a2edu38ka8ss4qeq7t7v	audio/mpeg
75	773219	bc1pfduaxcy2kml08ucj6esejfvqllw7xmsynau3x2g26xnjezennqjqc3cvt5	image/png
76	77323677	77326678	77326979	77327380	77336081	773403	bc1phwrf9atmywzcypp79e7e9m3ml9pc5sneatqrthq693gfgnrw5rwq4jhend	text/plain;charset=utf-8
82	773431	bc1pkghsqfrwqjgkxwfhycn8086lt34cjawpfjtnlpgxl4mmv9vfdnwqvmq9v3	text/plain;charset=utf-8
83	77344384	773455	bc1p8jj5s2u89l7fsclnpsvdua4vmxug6tfcay5eemeh640ajjxyv8gsqh3axn	text/plain;charset=utf-8
85	77345586	773481	bc1p0hwpkfr2w7d7u7yxrqavu8nhpvumfrtq2qcfhun4tzcy8t435juq6cvf5y	text/plain;charset=utf-8
87	773504	bc1pyg69sxslc26ks2xku6qtjs8yu5epncnstukr9nsqjygz3ur9drqqwt3rlr	image/webp
88	77357789	77357890	77358391	773596	bc1ppdz3w3ncvvgr2g43uc9f264ka5mn8dxfqty03g0y4cx4l54w6qyswm3uss	image/png
92	77361493	773661	bc1pepxz3mdfkc5cq7qd8ucf5qeqc8h3exncl06sa4kgqwvan676sl7qupkw30	text/plain;charset=utf-8
94	773708	bc1p0ulcmjzmyt4dl5rf82pymgm6y4493vyz7pl63z9hw3tkddqe2c4qx9nv36	image/png
95	773709	bc1ppmha54uus5z4gx3ety6phrz6u8hp6243hqfkap2xws53p23efljqm853kr	image/png
96	773718	bc1p4aqdz3uwd7xa8r8lsdsxs822drgyu5fus59nndu4mqxqmn3pwk9q6jk7uw	image/png
97	773722	bc1pcr3vxxk6sgwyx9dd4x7uttx7c7w84ae8xlj0d5thwh59q2qkuvfqxsp8cm	text/plain;charset=utf-8
98	77373299	773733	bc1p535wje8fr7lxq4xxxfcyjd9qlj3yvff07703eafedk5daymc3pts7znm8n	image/png
100	773742	bc1pwpadeckppe35seue69wlrqlk4vtwn5ke2fashzy2mjy2030j03esp85yxp	image/jpeg
101	773745	bc1putrmaajsyghe7adqxcldthj38zfzj6c6w9ljyuqjxt806yfxqd6shnd9g4	text/plain;charset=utf-8
102	773749	bc1p50vnqnrgczcny9uk7n888y98jhfqec03t6nx22yglq4whcugpsnqgrga3d	text/plain;charset=utf-8
103	773749	bc1pnc8r02uery6l27dueszag8qhymmf7706l7426nfrs3etkcjrwqtsdcfja9	image/jpeg
104	773751	bc1p6x48hgs5kn69ms44x06ceghc2ruf0tvsk75xf8hef44wh7yrdk0s3jcd89	image/jpeg
105	773778	bc1pv42sy0hchfzunltp4awuj2y7w0mc6snunj8e2543n63an45t2dqqhcvd33	text/plain;charset=utf-8
106	773780	bc1p2xlz4ung68puc3klka9un3lxcsv657dz46p3fm0w02alcxlgqcwqk4uyqq	image/png
107	773781108	773793	bc1pvf2j9peztu040r6h8vgkuyayl6slnf7mg2khahduyzcq3ee7t05syt72xt	image/jpeg
109	773794	bc1pjq5wt5g5kqc2edj4juhfm20c52kndpgm2d02hj8lskkfqzl9p5ysk8zxup	text/plain;charset=utf-8
110	773803	bc1p3jkee5hfxj64y4ln4vm4rnxh2eyrtjdyxphvd4v7starpt009q2q8xyw9g	text/plain;charset=utf-8
111	773804112	773805113	773806114	773807	bc1p64ml642uhrqmxpwv356k7smxgm969a78d5zz4eqaj6fjxlxu9dxsp56q9j	text/plain;charset=utf-8
115	773810	bc1pe8pkmys96u2st5xx2czflgj3xeetyx9kl5yf90kfe6pzrvdc5qrq797pzl	image/jpeg
116	773810117	773811	bc1puycxptzhzjklvdpgchn6687ztea42lkuflccacz7ymamh4ju96kql6jkjd	text/plain;charset=utf-8
118	773812119	773813	bc1pza6663dydputuellres05e45ua4nezfmy8kue97phqm8e48mc9pq35cjer	text/plain;charset=utf-8
120	773817121	773820122	773821123	773827124	773938	bc1p6evgnr6c2rkwjhfk46tu6mv9rdngv36rkvxldc5jmjqgl4al4drs5dawzx	text/plain;charset=utf-8
125	773942126	773942	bc1pg7rxsvzpdlr7wrmcsmqwywrjke35pcxmt22h2y67tmsshg72895qg4ztwf	text/plain;charset=utf-8
127	773971	bc1p4mpavn0nfcsuhekl0629ujc7nwrhwx3eqe7l3nn27vu38nrtct0qx5snd3	text/plain;charset=utf-8
128	773976129	774027	bc1py2auy5r4vx64666kqwfg4pv5cxz5wda9un7np8ql8n273phn7ydqf4kgf9	text/html;charset=utf-8
130	774037	bc1p60v6f0xlw2yl33t73pn7v7adt8g0ez2wrem7mxq3mxcp9q92f4uskmyael	image/jpeg
131	774038132	774045133	774052134	774069135	774079	bc1pl0nwgs44w9twsckzvr5gmtzrdhnt2x5jz85yyyx705vnw2fd04hqhq2jaw	text/plain;charset=utf-8
136	774083137	774094	bc1p9jeaq0qlqsr40u2qqxcjrn84awamlephvv7vl0suuve8l9q9ksrs299hkv	image/jpeg
138	774096139	774097140	774103	bc1p03xnznpjqnhhk706wfza6rd7wjrtzmmp7lt4d39rg46pyk4xf3mst7mamy	image/jpeg
141	774104142	774104	bc1p4e00qynyvefw33hnykhnpetrf0a54tufp3rp3yjrqfqyypzncwlqw8whvn	text/html;charset=utf-8
143	774107	bc1pqq4md943zsa9vc7nl6n7jh2l2d65g4qjmsh5cny6k3n4ahs5hlys84g5pk	text/plain;charset=utf-8
144	774107	bc1pl9nduw4wpr477f5my847ukn3l8ge96ahedwlqz36n0j7dg9n7ltsg0pmcr	text/plain;charset=utf-8
145	774107	bc1pxslar9vxv7f4sw23agskff8fyj9nnxu5fewv9s9lzm003fqmum4suzj5tv	text/html;charset=utf-8
146	774109	bc1pgwflass67vrnaysq8h0tdat7nuehg6uvqz9stvwphy97tzxpryyq308qfk	text/html;charset=utf-8
147	774146	bc1puaa4jjadp9haekwlk52cszr43lgxfnm6jteupr25wjajngal2kaqc2ldxa	application/pgp-signature
148	774182	bc1pcah756js6nkwqg4qfn66ywefsw8h2t3jdkucp9qcfxttxd4k5ryq4r90k2	image/webp
149	774182150	774182151	774182152	774182	bc1p7klcyvrjp9vpmjhr0stkamlvgafcd8x3p7s42stup2uww4rgreyshxrmp5	image/webp
153	774182	bc1ptcjw4z7fch7u6qjkmfcmef05q9enx3qx7ntnvau5sa25zxz56smsqynxws	image/webp
154	774182155	774182	bc1pvuagua5z7erz6r8ms4f8385pgf5md22gecspuk6xkqa3830sr00q6wqx2e	image/webp
156	774182	bc1p7l8se72czzuhw09na8fzy5e0gdl2ee7k484n8dpd6ypnq2cd7kxsug6tut	image/webp
157	774182158	774182159	774182160	774182161	774182	bc1pw2u3nvc6qw58t26wpr3ad4qhykg75ghqwkf7nvkyxrva30egrjpsar38p4	image/webp
162	774182163	774182164	774182	bc1pm989rlmu3hf3r6ruxcmnscvwferc4kgy9588ksv8kcpj53c0r86q4uqqft	image/webp
165	774182166	774182	bc1pf4dv8fpcsx2shj89gz2kz6rpmqnl0h5z08l3q5levz3taj5dvxgqyyhwva	image/webp
167	774182	bc1pee53gk25qgu466ahq5lkjacs5q7tfcuyzekmh4qc8tv48jhwn43sj08zmy	image/webp
168	774182	bc1p4xjfzcuz9dukpg57k095a97fq7py8nm4cqw20k5yc0uj23lcndes744tel	image/webp
169	774182170	774182171	774182172	774182173	774182	bc1pk6rg8pdcfyf9sth5qcdpzz7vgppv79nhyvxkjz4ux3ltxcdpafjsw5ppp8	image/webp
174	774182	bc1pzn3l9yyaqk89sfxrsms65r9wsqysjevpgvzjrwlnsu6w8t8cgqdsrpug34	image/webp
175	774182	bc1phl7sq24fw430edg27q3cyprly9andss92qt6pmj3ay3trpag5nfqyzr5tn	image/webp
176	774182177	774182	bc1p82zf3tx0kwvm8vn9wzeah0zhjqmhdk9vr8qzuufjz78rewvuxfasyk7ktm	image/webp
178	774182179	774182	bc1p48mumnv5rthdkd3s0f36d9phuvnv3373dyl7egd0u6nvgz6zx5dqs7r9m5	image/webp
180	774182181	774182182	774182	bc1ppe6sdk04ap5z44lemy5fe644qfs6ny8rn25yp393grxcfjs0f7gqe3h47n	image/webp
183	774182184	774182185	774182186	774182187	774182	bc1p74pgjycvf5kw0a7tz98us560fxl000avgvgaa7qllt9xr08a3u7qmvm3wm	image/webp
188	774182	bc1pgzpjjpn5ygqvcsyft3am8nzp0d67zjfvpm9eu6pn2nunsvwxg85qppdeph	image/webp
189	774182190	774182191	774183	bc1pz4uv92nwnewuu7gw25aj22swtzdpdxwnnp2jvej4njglh7xdc9vqk9gh2g	text/plain;charset=utf-8
192	774183	bc1p46zz23gp8nvjclyksu8n6pxguzfky90hqwc09658tqm0yeugfsvqepwkwr	image/webp
193	774183194	774183	bc1ptmq69320egp46rwhjk2udkrzpsegs69frvqx00rpkv0r5dkrh27q9wmy7j	image/webp
195	774183196	774183197	774183	bc1pur3aa2g45tfnt0eafsct2vlap09rmmtmzcgykenkn5vdm907pxzsggxpqu	image/webp
198	774183	bc1pnas9z5fgflmgw5wcyf8c2hkcqlf8r9t9aecmtl3ke5lpqqxsf4ys4a9gcj	image/webp
199	774183200	774183201	774183	bc1pkq7t6jvy7dxwh72t83kpahzypsg3yv2zumjeux2lqlt53c7up6pqyqkjjr	image/webp
202	774183203	774183	bc1pt7eyvtfsnz6t6lfqz7tv42ywj9c7arrursxjvqlj9h4hylscfc3s0awj93	image/webp
204	774183	bc1pth0he2qy658yns2pv2hvfn7p7y5rkn3jnqqxxv2tdhm6ts9ukz4skpf9l4	image/webp
205	774183206	774183	bc1pxnr4ecguv7vkv5ec6608w0cmn8ruma28cxzcetlsfj00cjs3v0ysyn7360	image/webp
207	774183	bc1p4y6cf46gvv6nwhjszlnwm3hez29wmfdw54a2qs2mnn6v2ns69pfqwqycj3	image/webp
208	774183	bc1p5a2j4r69xm0ezsj5rkdx3dursh9xq9tdxycze365ym0lm4p28mxqd3vlv2	image/webp
209	774183210	774183211	774183	bc1pkp95rn9u9jucezq0sz5kdgaje7q5wezuw6suhhhjpcg2z6xyhvlqrxv5nh	image/webp
212	774183	bc1pmyqn02ck7lw5jrm7vpmrnpdhtfdhy2x60jza4lxdp8cc3yfxtt3q34zdhe	image/webp
213	774183	bc1p3ut6elppslrx6k4tpg3svppg2r5fqy0xena9xjammjjkzp0h9ccs5ucjym	image/webp
214	774183	bc1pnard86cn3tm4f2kx6y8cjvvspaw6p7tktmzrf4hudytlgpaqxzzqf6tuzm	image/webp
215	774183	bc1p66ekn0jtwaxa0d8znx7cwxxchrwkvwjhp30pxd6jd0z6dwrsm6sqw9xwdn	image/webp
216	774183	bc1p9uzhh0g3tnuv4yuxyzz9menhnmeqann44xx6prxn6pqhxdth0ydqjlk50c	image/webp
217	774183	bc1p90svwlfa6rgwypv6rw7czmed65s80gw5pyuxejghzrk2j4r3z0cqjr2p9s	image/webp
218	774183219	774183220	774183	bc1pvurmena9hycrfhxuar3el37t9vf4mw6p08xk0c8lnvglxsg9qflsxflnhs	image/webp
221	774183	bc1pcgt83zr4mxclztdgrvlpfe6m04rgf0hkvj3xq380404zfzeh5ueqfrda4e	image/webp
222	774183	bc1pmj9lp0a9aq9qklwltw9xrq2c9qsxpez7d2rvkr6x7ptmhlpxwjgs26qfxn	image/webp
223	774183224	774183	bc1pyxnpmg9zhyhgcsn7xx3h4rtyf773agqt9t26asd6rfja854qmzdq76vwpx	image/webp
225	774183	bc1pnvey7mf23mqpqx0lnr5v4qv34mhjrvywpq2njp3ay8y76xhacj4sdaxapx	image/webp
226	774183	bc1pecmm64v7nx0gf0qxwz2hcxnnhhwupmsjxgejj9nt3e4neglk5j6q5d2pv9	image/webp
227	774183	bc1prdknqnavmykknw8vscwcgnwsatw3hszmnzs47jtdwz2a0xr02r9su0c3lf	image/webp
228	774183229	774183	bc1p4ukek9nk82nza23lw0fm4uzs0y5jdcyz07tm45m5nw2hj4w03g9s5fays6	image/webp
230	774183	bc1p6gkq0y54678etzdmv8j0l5rmtnleup6rz7jwtxa32c2ynyetqfdqhjcsqq	image/webp
231	774183232	774183	bc1ptd4kqeyv7s0svne5qmjlsva5shusffmau2p99qlruyapt8lap68s0gjvtu	image/webp
233	774183	bc1pwg8mxlczhrhdz0e4v9gushx2gtm5kulyskcscqzhvffrqu2aurvsfmj9en	image/webp
234	774183	bc1pum9ch2j009yfn5wlvtnhawam3hqh33wha6g0pne4dhd6jx246g4qjhwlya	image/webp
235	774183236	774183	bc1pc9d2vc98ak0kc5qqt6x7qk0nxp7j3q6rzyqvgc78yqkulw7pzlcsl93n2j	image/webp
237	774183	bc1p8wkdtx54dx8u2a77ny4mtq9ftqcg80c5pfss2auwae0vlp2mc3es0xqlv6	image/webp
238	774183	bc1ps4lq064mfczypd6j74ucvux2r363rm8h2jcxd4yy3lsrqg3ad9hqt6crsx	image/webp
239	774183	bc1pg4rmtl9x6l7skz38hr2ylqmsshc6z008n2jcrt9c3wdu8lqatvqsccqwle	image/webp
240	774183241	774183	bc1p7w3h3kf5v4nd0rkhrhadftaled6rpnd98dpel68md6y8mkwskjwqv3trrk	image/webp
242	774183	bc1pyse2xp4aya45m7tu45ceaqzkpj9cr3uyxg3wr4tpej9yxhnlqz5s6nma2k	image/webp
243	774183	bc1p4g4m8shjf36xqyc4t8g8juhwerg2ct5v0grklssq6gp0cmursh8qasfxvc	image/webp
244	774183	bc1phfnapf0atalesw53dufgh8c2xdt9kzgxq0qedjjj3cl6rwa6ngaqdgaadx	image/webp
245	774183246	774183	bc1p0lj50fcaj8nqsmp8vkpamgzq84njy7f3hya9mr0qsfuzc2u4rmmqgxxnwn	image/webp
247	774183	bc1pq7vnhp3t5qcpzxm5pqpaluzczh5ha9xqkpng7hktsdl78ne67k4qjzqwzc	image/webp
248	774184	bc1pnna56qrsathzckqp880w5vej2j34dka7x25l0e9y0tjhxskvz65q4jnl7y	text/plain;charset=utf-8
249	774187	bc1p49adklsyvqh7hqh7y207vm74f8sdx0n4m4redm8yp928dwexjnlq9n7dtr	text/plain;charset=utf-8
250	774201251	774202252	774211	bc1pdyzvfc25s6n6seg6nft2z0wnz83xk0kmdhr6mak2679n0su8yjkqtevu9m	image/jpeg
253	774215	bc1p6ta45ysh9xvrgxpmukcd6l9zcvhckwj2ue6lurhhq46l24x9f8jsx2c5z8	image/jpeg
254	774226255	774226	bc1pzwzg0y5zggp4xf8e9k47ruuwalzz9guadg9ydpy804kvwlvxqews08gqk3	text/plain;charset=utf-8
256	774227257	774229258	774231259	774233	bc1p9ypt0ru5all98zfn2fp807x7r6ty3jsn5m777vgze0ewwh0hm3hs6dv25d	image/jpeg
260	774233261	774235262	774236263	774243264	774245265	774248266	774249	bc1pq7a584jlynajaecthashm974p3227eqgzath89g7d7mth07z6rgsvnt5wu	image/jpeg
267	774259268	774265	bc1px56d6gzu8cdkhyqdrdug3vs2p9ttnz88gxgdwq5hcy342qymetpqyaysh0	image/jpeg
269	774266270	774267271	774267272	774267273	774270274	774270275	774271276	774272277	774276278	774280279	774295280	774295281	774302	bc1pqlqkcnf74dpghsveuevrl7rlqeqe7ayvt88xqydahfuevs9ezuhsz6jhy8	image/jpeg
282	774320	bc1pcyjjre6prrdrwu0lulj3f3luqj86cvzgwcvttfm9m4w0rm6rtptqpl6p5w	image/png
283	774320284	774320	bc1p43t7805jjychyje27wg6cvxg2pa8k7kdp5hxusgsjjtcze2v26uswxvvws	image/png
285	774322	bc1pc5wfwz4s2ljxfq7hkwga69ekafqnan8kqa56dw55jvfpj6gmk7psfaxgay	image/png
286	774356	bc1psukh05lcfryxp8vaezzyrk8sdxuyc6a5y3xwf3qzq2xmx6k0yedqsw4ut4	image/jpeg
287	774359	bc1pmg0y2xru32kx8d5432x7vhfjun0utstkvy2eyjrsqcraw6d8d6qqdcmarg	image/png
288	774359	bc1pltyynq68qyrea6aucn0wf4xxc7ee6pltrfzvpy6wc942yxn23dtqzjan4z	image/jpeg
289	774360	bc1pphf5rwzgstrsrd520q4qe6tata9v9lhmhge8hg6yllt8umxkjemsgy0xcf	image/png
290	774362	bc1pnhcqz8x2pltlt6yvlzkqs63fu85pf47j7jzkemtls007rf7mhf9qddrcek	image/png
291	774366	bc1pvu40lsy9v32w3xrce4u6tdvhyvc4j0paqdqxlcl0x47ztwfwvg9s4a80d4	image/gif
292	774370293	774372	bc1pzlhdcet8ce4ufcaextrahrrpvv34f2mq84e2xj8sg6hllnzj5rysj6al2l	image/png
294	774382	bc1p4cf5xpn84xws80lldlq3yfqfmfc0hqe53qp7ejgctp2yapc8uptscq6m66	image/svg+xml
295	774382	bc1pupkg60pw8amgxs5y7guqmm7s2sqer557a93hf2mmft32z5hxl3sscqjnfl	image/svg+xml
296	774382	bc1pvvmzt4nyflguu3kw8vx400k3w3kyr9mwudsqjrf6y7rstgx4hc3qdf5n06	image/svg+xml
297	774382	bc1p05w2rds8evr4k4q6ve220fgg5wmm8vmujqhdujyte47k0mal4fsqa58my5	image/svg+xml
298	774383	bc1pkat2yudhsrsmwuyhvytcm09mx6ncyskc0snvd472cv4w4dmcea5qsj4yg7	image/svg+xml
299	774383	bc1pjjkqkgg0a7tdmy5gh5xl9ystg5hc0sydjrqlpv09xhd9gwk77ukqt6dxgv	image/svg+xml
300	774383	bc1pltw3xkvpa4qgdv67m60heatrnjkvkdg9rh6e0pjm0x6ff59vpflsssnkz5	image/svg+xml
301	774384	bc1p3gsmawuqe3k4lk0sxpxh8htrxc3jgctj3t66dwlt8sv5ng5wg8gq5626n2	image/svg+xml
302	774384	bc1p8eak3z92rurmlgxpf4ppsum5n6luphut0jnzzl6rm9g5klak7uvqlp02ls	image/svg+xml
303	774384	bc1pnpqkdu40fvkp6888jfmmrynap6rw6drn6y9m5gp9wfl2yh6ajywq2n8nm0	image/svg+xml
304	774384	bc1pntkvd42l84nc692yu2fy99mdy2p2afx0ux9vnxz5mayr5vdzdl3qeavh0v	image/svg+xml
305	774384306	774384307	774385	bc1pkq0zzyw5vv70df4chek9dta2cz90sz5thjwykppllujxd32m8dcsvyk93w	image/svg+xml
308	774385	bc1pzu4uw67xxup78tm5a499cyuhck6jm6z4frf694z5l7uyny97095qe8zege	image/svg+xml
309	774385	bc1pee3uxfm8y9qfxnc2n0wuuzkl9vqeea62grpfhws2sa3dvxdn3qas3g4pw7	image/svg+xml
310	774385	bc1p8ucmpgwvw9p2uw0rej3dp8thaceyvkhpfjg5agwvzf95glktrh8q4u3ax5	image/svg+xml
311	774385312	774386	bc1p0g4nsd68ttrsw6p0seec6fd9dek24d405nftyjgmxa6qjkmmtn3qe2zxrj	image/svg+xml
313	774386	bc1pzqplnzywd0vupav6qz8mk7kmmt6ypk3wgae0gsngygjmwh2ncweqg4prg4	image/svg+xml
314	774386	bc1p2ueu4k2cgm78sgtxl7w04jqksrtnpykhvs6wsje7l4kres6qf3uqchjtxt	image/svg+xml
315	774386	bc1pj7ma2tx67kamagk4qqhyk0j20zyxxggp5wul5csnlqkjmhmreans2crc5v	image/svg+xml
316	774387	bc1p0jzsuq643n3m4rs226ycwlx8spdggudvv7m2p503zttv06fg0lkq5ttvgw	image/svg+xml
317	774387	bc1pap9krh2s766wgt60k840hdry0r8la8s4snjvcd3awkh9438ckz8stltxlp	image/svg+xml
318	774387	bc1p3hzc38kcly7wrxjmhg8zxr5v6499et3nt0w44aztvhd8g8ewplkq5lpn7z	image/svg+xml
319	774387	bc1phq8kfj0khk0nu4jsm54yadf0r8e32wk6c2ugyj6qmxwq2ca27yyqju9vgz	image/svg+xml
320	774389	bc1p6qqh4p47fdz36936ydm96v0deyf8m4ur4r7ntyeevr3sn7nffs7qvtyddd	image/svg+xml
321	774389	bc1pmhrhe8jzp3kva57pw45rvktuu7y6074k8t20f2c4eaze794qtjkqrqypk7	image/svg+xml
322	774389	bc1pr6586yas32pq73h8tgu9hlyhl2560lq52c5mg8stgkvld0stm92qagx0yu	image/svg+xml
323	774389	bc1p2j708j4y5nnzprz8paf7df9072dne6zzw3y8wjs8c8clcwkc9qnswyq6mq	image/svg+xml
324	774389325	774390	bc1pegvw7h3pkv0eukqlufcl8320h5dye5fd0sjjlfjz3pj9qj4lkw7sydu0u5	image/svg+xml
326	774390	bc1p95r5504rqapl79duh5s2msn6x4nj09tt42dm6ks0rrdpzqsxqpssartr2z	image/svg+xml
327	774390	bc1prj9c8t42s3p3gnxcxltn23fayy6v5c8akcduuv8gv52e30wyptyq0zrred	image/svg+xml
328	774390	bc1p7mhmqryu58hztyj7q933qn2w4man5cne5qe0te449yj4yw5d70hqkvecyq	image/svg+xml
329	774391	bc1p9g2jxspt7ye2xj3h26w6numszdlnjwpgqhw7ffwp429h5mmnmzjsym67pn	image/svg+xml
330	774391	bc1p25xgf3ar4cjyv94kmz7sk8txcydgh90k3xnafpe2kn3qnk04897slt832j	image/svg+xml
331	774391	bc1p35k5yse6ne2w6aj5qvcnaqpzkd6t46lvr56yv8wsx67r54uwd73s48j8jf	image/svg+xml
332	774391	bc1pk5f90h3kcr98cerluv5zudh6d483he6c4nsrj7zwu3a9zfnal5msxrxcre	image/svg+xml
333	774392	bc1ppfax6ew43zaxv7gmu4ssyzazmt2u2d0dvlx8msz5zs82k2gcrt4qa0e3va	image/svg+xml
334	774392	bc1pyzk4x8sw7u4jmkwwwngan53f9msx8y5uwydee0adusezf55paz3qmkglf3	image/svg+xml
335	774392	bc1pkaa4m6qgm502hy5mz9zz3l3866qcnh30v0g6xzeja38axymts6ds4gj2wc	image/svg+xml
336	774392	bc1ptmryd8uf6nc6675ae424a60gp0wt72wufcln2qg9uhwc63pyws7s929fzn	image/svg+xml
337	774393	bc1pxv8awmyv9966t6rnp3d6nzuw334ntz9jpemtqdaw9eww84w90fqqvyv5cv	image/svg+xml
338	774393	bc1pz6ln4stps00373cale29mvr9tvwx4lx3kg84rdtw7xm0579mn03qa96tey	image/svg+xml
339	774393	bc1pecakp0drjp65h47whnw0g3vdprrl98jgxc6rgxxldxy99s9zspmqk54z8d	image/svg+xml
340	774393	bc1pln923568n3xfgg5586vhd3hlfpwex3lk7erf69p0fh6jxe6mq3qqr6qwst	image/svg+xml
341	774393342	774394	bc1pta3ptfgxhsffc3q97ndceppludvgznv56q3e6vjyyghwjlrqcpdqa6xmhm	image/svg+xml
343	774394	bc1p2m3dherat08zccuas4qjwngc0uze2q37we8xcerdp0j5g65grrlswwc62g	image/svg+xml
344	774394	bc1pde5gv837dreeeu09qw8ljt0gppe2tjr23kl4n737vzh24sl2vsgspkarm2	image/svg+xml
345	774394	bc1p7qclshtyews2zksh7veeu5j35p6ql63k3jq8d79lkfhvqjm27amq7gr8pl	image/svg+xml
346	774395347	774397	bc1p5ylqrshqe36g56a6ptdfdfc20lafk46we9f5v5c4sfftxhzzheesju806n	image/svg+xml
348	774397	bc1plhmldc59xhryx2ymsjcwapyzj8u4njgtz6uqjyhg6gl6w7r4rwws9huypv	image/svg+xml
349	774397	bc1puq4q0cnkarkzvtz4zarkplcnwfgx0uce6dqukedy4rjq9yp0k9yqeg7j3d	image/svg+xml
350	774406	bc1phm4ffp57lgtev7wt689cy5ly0078k9ktdqsjfmx8zxz6xhs3lemqjwqtta	image/png
351	774411-1	774411352	774411353	774411-2	774414354	774414355	774417356	774424357	774424	bc1pyffrxlgln72gtxz0y7cqlkl76n0nsghxm8lm4g82s8jkp0806knqclmd55	image/jpeg
358	774424	bc1p4uuzttf348y4nkq75njx33rw4fj393a0l73uk44s60fc8rln3frscr3x5r	image/jpeg
359	774424	bc1pzj3a22pnvvt57ph642yeql9gmqdchj60trhu2ks634lvjvqj4dlsfvvdsg	image/jpeg
360	774424361	774424362	774424363	774424	bc1p8t4tng3pg7wez6pzgl34g4unxhn8m5m4dxj35hg36jazzswqzllq4gj45v	image/jpeg
364	774424365	774424366	774424	bc1plv4px00dhte7z8rznqsfrnlf9v558d6q28rva4dd2yfnttlz632q3gga62	image/jpeg
367	774424	bc1pted9pgsqkyv2aujcfmlh78t7xea9nwrtjfd84g93ny8pfufw0m3snflgdm	image/jpeg
368	774424	bc1pcsdl5qm42veq9w4gt2uy030llmezcd728r7557wtp2qnls6kmn9qlfsw57	image/jpeg
369	774424370	774424371	774424	bc1pccqw2ys75cckwxh5qkkcyuxnsauvcvsv6rds8t7exk85wwrup8lsvq68t5	image/jpeg
372	774424	bc1p3hyvmvwe6ndsgnn4984ty32n6q5e9rgfu03npwuhdhzc2qy7qneqce2zrz	image/jpeg
373	774424374	774424	bc1p8da5xvwtfqmnvzc20a6lnq62we7t8pqu7lj7ya340x8rdjgg2m8qjglh8e	image/jpeg
375	774424376	774424377	774424	bc1pgevx00watyelpeq77pnu55yd0hxn23zg5g730u4y9f6gyaw5fzgqdqdvtx	image/jpeg
378	774438	bc1pv6rcudpzu8caxcvmedgtm5k5fx0rqfsflxp4rh9wz73xkdckrp6qaljapp	image/gif
379	774443380	774445	bc1pw8m79250lvejcvae8plcry4tx8zevg4zsnqfwc2hmjj0xlan7kysefm6at	text/plain;charset=utf-8
381	774449	bc1pqctwftzd0u8uezpj3sgnhfx5axaxrg6med0udwsm9e02ldprn05sxujr0n	image/png
382	774450	bc1pmqnt2zqyrgd538ju2yrm8zzm8q3nzsxt5kha2d29j6fekyhezqvs8p7qfl	text/plain;charset=utf-8
383	774458	bc1pzr4lu9c25xc8sh6uje2q3qr8eme6gplkayaj6jcd8gkw7u8hhslscsu9ap	image/jpeg
384	774458	bc1pdyhl4ueeh3fhrwzdcjzrnxgg08t9tleclyggyay4tgy5w6wn4p0sqm82t4	image/jpeg
385	774458	bc1pq4zsyft0w7qz2hmw925hpstj79v3fpuvwt07wvhemp3cnpzfvg5s323lq7	image/jpeg
386	774459	bc1pxfnn6h3dnfumhq9jx3nt9pxjsgfze2ag9k82w3dz66qmru47g0cqwuz5uv	image/jpeg
387	774459	bc1pzn54gnq5302m8cu7qgtg5jtjd95uyr2xzyrtjf7kzfrquez52xvqajty4v	image/jpeg
388	774459	bc1p8rltxmr54esenyhy28zsmnnffvpx20fgju260m8mxjdyzdeyg9lq20ds2t	image/jpeg
389	774459390	774463	bc1pt5wz0q2ev47t3qeczg6c4ax85pvreuagjusluv2x5ku9kpz0c8lqhs4udd	image/jpeg
391	774463	bc1p5sqqreljf47gy3s3qvfdal7z3mk3ehlrf97laen89g5gutpnnq5qte9ytc	image/jpeg
392	774464	bc1p5ncq5j5qvxwr8qaek3fwnefnz6anwlvugpalfhwv7qecplpq8f4sxyh7nj	image/jpeg
393	774464	bc1pfutg4j5ztxahednxkadat4l0m8d5qts64664pugl67pm48tslwdq95cwhl	image/jpeg
394	774464395	774467	bc1ptgytu494ser09qd39uankc3pcrkxmpq2gk55wzw2650kx05vlpxqrsddf3	image/jpeg
396	774467	bc1p4k5g6s0yc3fcn9mxdqxdwn0k3lull309zrvq75vc8k6v6nas362q0r360d	image/jpeg
397	774475398	774480	bc1psrhzw202852cx8v2rpph07h83g0n3q90na5dgulxmql25j3skmlq2290aa	text/plain;charset=utf-8
399	774482-3	774485400	774485401	774485	bc1p92ja0zaljfrlzf33j4v8ewzcyupey47ynjm93am0ehkxr9mytvlsv5sfjx	image/jpeg
402	774485403	774485404	774485-4	774485405	774485	bc1pzuyx2aj5yga3jfhxypqj2ztff6gy3fyr65n5lvhdzllx0lljz2nsjecha8	image/jpeg
406	774487-5	774488-6	774488407	774489408	774490	bc1puuk7e7vayp93fkuh5k5k079dn76n9eyz8cpht9szdgqzswmrhsgss8cx6k	image/jpeg
409	774492	bc1p8p6gzx7fjlu3exjwfxemxckrmy3n5r3w4g4aa32shxh4x7sjzacqzdfaz7	image/jpeg
410	774492	bc1pwqxpuysj5mle6n9r6mzawpznryn959m9ghn8apr6v68almn86ssqspxns2	image/jpeg
411	774494412	774495	bc1pqjf8meaf3u0r9wgfm04gr9alkx9452f6xz6wr2pzscejhgr356aqvacz7n	image/png
413	774495	bc1p848x37p90r68js04fnhya8k5uru00urpwf7fke4nsum9zklrw0gs3s4quw	image/jpeg
414	774496415	774497416	774497417	774497418	774497419	774497420	774497421	774498	bc1pk8nwkdcse0mcnw34ftr8tfc8kw3cth4405vk3rznacmrxsqlw38qhx4rwq	image/png
422	774498	bc1psz5ed3rmz0xtq32tr98mkfp3jyvxd7prte73ru577yjazw6hle7q2vhn4j	image/jpeg
423	774498	bc1pghycm2rnu7mj0jzd4uyxrecw6d6k9rhzyen9cvkm8g7dfne92p0sgyp39g	image/jpeg
424	774500425	774500426	774500427	774501	bc1p4qqlmx2lq782yuk9e9z55pqvlzqq7e645efva8w7pht9fvnaprdsvym6tq	image/jpeg
428	774501	bc1pv50pmn7fx970pf48ny8zyn7fxtk8f9mslaxmzy33myer0hwz7eqsaqz0fn	image/jpeg
429	774502430	774502431	774502432	774503433	774504	bc1p202eg4sckp6ac08qqndnvqgmqveeva9689uf56y5t28cpuec7wsqxzv7s9	image/jpeg
434	774504	bc1phv5ljrc5mtxt8k9yp9vx0tfqxnyy4qhvq75stqdjzq9nrf34zldsxwl03m	image/jpeg
435	774506436	774506437	774506438	774506439	774506440	774507441	774509442	774509443	774509444	774509445	774509446	774511447	774511	bc1p640pkcett37xqzdflmfur2m0stesqdeudal4jj2ezjvusrsts94qudr8rk	text/plain;charset=utf-8
448	774515449	774518450	774519451	774519452	774519453	774521454	774521455	774521456	774522457	774523458	774524459	774524460	774524461	774524462	774524463	774525464	774525465	774526	bc1pngxm6l6mllu7xcgak7he5623ckx466l4wxnxkeg0jhnn0mts3rjs0mrn2k	image/webp
466	774526	bc1p42m28nffxy7kpq3j0x2fhklc278wnmfwy8c0t432es2eg0q46q8s0ywje0	text/html;charset=utf-8
467	774526468	774527469	774527470	774527471	774528-7	774530472	774531473	774531474	774531475	774531476	774531477	774531478	774533479	774534480	774534481	774535482	774536483	774536484	774536	bc1prqyrna4q2hfx5ramq2f27kkknm85amrjq2ed2mev9exxcdsnuxnqgplsvc	audio/midi
485	774537486	774537487	774538488	774539489	774539490	774539491	774539492	774539493	774541494	774541495	774541496	774541497	774541498	774541499	774541500	774541501	774541-8	774542502	774542503	774542504	774542505	774542506	774542	bc1pd39zxe964pruflq39xh8kcl4y54tuj9596ruk4han7vytk76323s2m0khv	image/gif
507	774542508	774545509	774546510	774548-9	774548511	774549512	774549513	774549	bc1pt6dqs8yuspgh9x0zdeqc87k5qkqnnxmmkzcuh4heek05vq5z9dhqc8tzlm	audio/mod
514	774555515	774559	bc1p3uvkt6gvyrefh5w7yaa499jrahkwnd8p9afeygywdzladrkkcm3quhtmn7	image/png
516	774559	bc1p6ga4wxfsamkv7skf79kyh2939g6f7wdl2avn4p72r3x57wqa2xfs2df7us	image/jpeg
517	774560	bc1pq3eeh9l7uttryhpw2lxulqft7atz9f747tz9q0tuqfmy2jazhl9qt3huea	image/jpeg
518	774560	bc1prlx0f53nd6sgn0cjnt0ferlgh28m82h5zggurj7q7yehm859u6lqxyk3k7	image/jpeg
519	774562	bc1pspvx2507gg5eyd8jw72c3ylknkpjeysxfz2ugz94cyr87rzjdp0sjgyjfm	image/png
520	774562	bc1pjhf49fuvdx8gmy9wsm2s86gcq4puw4cj3dh5vex00gv6syswul2q986l7a	image/jpeg
521	774563	bc1pfyux7cf98w64rrvkz3j4l3n3jr3fxrs84zcndw7g46pl8twx7e9q0xnfnq	image/jpeg
522	774563	bc1pymuk7sk2nttggytxqmwvsv5cm8m9js33yk2a4025gv72d3g5nncqd8yalc	image/png
523	774564	bc1pf2hxe0gn3vg7ecn2dhunlr28kyefzp5hvq60u0axqgyg30nk5g2s6eyksh	image/jpeg
524	774564	bc1p8f5emk64kzwmnjxflq030ce2c7e2dv5epv5n9j4cq46sepg3nahqmkypn6	image/jpeg
-10	774566525	774566526	774566527	774566	bc1py7uszjkn47hzktfvhcka8haxyj5sx0tpc2adlzyyrfq68h3pg00q5sh7ta	image/png
528	774566529	774566530	774566531	774567	bc1pxfuuddf57j6xwqarjq274md8hj9pek7k49nz7mee9hqha7sle2tqspspnw	image/png
532	774567	bc1pmwgxmdzz4cyhgj6pp9zrkweq8q0t7y5wnfelccf08m622kvh7eqq6xtrvw	image/gif
533	774567534	774567	bc1p8t8eet67p4qskhde4v9rxw583ffm49zac9e7ny9ne898uffdaqmqw4vvxy	image/png
535	774567536	774567	bc1p800y80pf2p753l4k667c4u754j4zesf8rnuyrn0nfrmt36ekgq8shnw8cf	image/png
537	774567538	774568539	774568	bc1ptpndsln9xgjsf72dry4ktuceccxe8ek06n0gu63jjr0lxztthkgsvcd4k7	image/jpeg
540	774569541	774570542	774571	bc1pcs4f9uxcksnjuwjscxmmluswe5gvhmuhccpmxej45nyx3xnj72xqk05qud	image/png
543	774571	bc1p9fr383876k672xz9h58asy0wgsparnrx90f3tclhuupkqfuvcvjqd8cvvu	image/jpeg
544	774571	bc1p87mcvef8576k6pswajtvgn87p9rjphytdt75h99qcqathgkxwjdsygfrya	text/html;charset=utf-8
545	774572	bc1pdnlx6fz6fp6z8wy5mjxvmy0hcd75z2a3frkvp8rnxg86jl0ljqpq6s2gd2	image/jpeg
546	774572	bc1pzyus4n36hlxkmtew5kzwnr3qax23xnz9rfcctwzjuw28ncktm2qs4yvrvu	image/gif
547	774572548	774573	bc1pp02wuatspfepqn7pk75yhyejndm5kr9m8pxe4vu9vea6yndvsgfq2fh6l5	image/jpeg
549	774573	bc1pv9ea5lev7c9xpdmxplg05spqq8puatvsw797yw5nnsve9uj2phjqk5w60a	image/jpeg
550	774574	bc1p4yqrzce3tma65m5mxefwv0atg40pf86t78hlfq8837z040x5s2xqmj5mw3	image/png
551	774574	bc1pnyz04uwvn82awge4glu8fyp3afjtq7s8cg8fgdecx4qqzrkr9q0ssc22k6	image/jpeg
552	774575	bc1ppy0hwgf8nnsxt5w7t0l252wjp5r3fmml6y2ncpjds8amkpj40fuslxlzhg	image/jpeg
553	774575	bc1pvxdr35jexrlxpf7kyt7fc9pue4w2206hfez7wjxk89ggthely3ysrs0c0z	image/jpeg
554	774576	bc1pye902ftghfqj7hkzse287xz7dzeg0yczhgnz4ufmem9g7qw88wfqph3jwm	image/jpeg
555	774576	bc1pxhku22p5u4um04hfuc4hqkeqa25e4r9t2e2ptnhsara3dnmkhguspjue6u	image/jpeg
556	774579	bc1pzq9le7q7x5aph9t7j2gje2k3jzh2h0qt9x6l0tt65tfu8pdegk3q7hlcdh	image/jpeg
557	774579	bc1pvcqklpwyfq5jc6gacwr7zlp9kyyv9u5jqkud26fxuwesgcgu3lgsm6ksp4	image/jpeg
558	774581	bc1p5qwnaj3tmmq3uvqj8v8qgetw7pn0ez0f577f5rcuk0vwrutfkyfs7exqyp	text/html;charset=utf-8
559	774581	bc1p7lqlc4yarmt8hjr8a0jmsh3zwvm9scgy5ujdq84h58pmh807daxshupqyt	text/html;charset=utf-8
560	774581	bc1patw7gvjytvksz4helpvttshq2p6j8a6uffn4s7fq70j2fpmmqlqqv6qvjn	text/html;charset=utf-8
561	774581	bc1pdwjdhugelj4d0mhpvsh06qu6qlr9spd60tn6m9l5etclgyvshqjq9pmyy0	text/html;charset=utf-8
562	774581	bc1prn4s2pfgh07ggwxdp46wxntlhlcxneg8q9vrnwskt782sy2vkq6sjfrhp3	text/html;charset=utf-8
563	774581	bc1p7gaf3em5esewzw25sly42c7mcr3hlegfgugjhagrdl2vujk5fmms09qre7	text/html;charset=utf-8
564	774581	bc1pcfucctk63h0apsx5zeuxgxy8wawfuxq0v6w5ck0d8zm3ns8xjcfqppqsvl	text/html;charset=utf-8
565	774581	bc1pfw8k885853jzsx4hn05epqnfpyxm4m6wn62raf30xvcmgaxf2mzqk9vhr5	text/html;charset=utf-8
566	774581	bc1p098h9stxu8vt900n5cn8pmyd7ls5k08qwuz8qn0kah0prcg7s9ns6u8ehv	text/html;charset=utf-8
567	774581	bc1pj2z08epuf2dtdx3wv3vz2fhhsjzy408ddc0cmfruxcd265zjge6qy4gdu9	text/html;charset=utf-8
568	774581	bc1pwrsgp2trft36zc6wcgpa7v3xdrzt2eyumx6u4afyt74uask5w9qsxsdv2d	text/html;charset=utf-8
569	774581	bc1pwymzwkv7en2r8ngvh68dvmzhwkhy5725dy5w3wf2keg9vsa29u9qllx0qn	text/html;charset=utf-8
570	774581	bc1pw2fqqqh60fu2hacw4jr472u3dgt33rjfvsz65hvtkly32pu0zsxs5kf7lm	text/html;charset=utf-8
571	774581	bc1psuhmdl7sk8sunjxjxg4wp20y5gw2f4mr68raqhdd4q05jwt3243qvg4pst	text/html;charset=utf-8
572	774581	bc1pwt4stx733cf42yg5haehd6zujwqu2elhr8ylmw0alm894c68e63slmd77k	text/html;charset=utf-8
573	774581	bc1pwp3fh3hmmq7qq4afrgyggtsclc257wug3lrytg2gtuke8g36s3lqjlvqz4	text/html;charset=utf-8
574	774581	bc1pl500q69uu4p70gdzlqthz2ux08sx4czawkmkqxa8dga6plq29cls5vdun5	text/html;charset=utf-8
575	774581	bc1p66u9kgtllm5l59jlf3vnc87v07kukxnyqv8yjvnskvkrv730lfjs0q72fm	text/html;charset=utf-8
576	774581	bc1pfnv6w3mwa9eg5hzzc0phpxzegy3annwc43amwyjv8ape33rnc20qx4v92a	text/html;charset=utf-8
577	774581	bc1par3kvk22qfd5n3mcwfefduygwemxp46xj9kd6stexecwtm23e72q7m7j8f	text/html;charset=utf-8
578	774581	bc1p3q6jmqxk8d49tyzy7uf52qx4d5a0gp92rk9v8mt8z66vuv9lp9sshug8cq	text/html;charset=utf-8
579	774587580	774592	bc1pkqhww7jf784c2ct5736wysu0mq9mdrvhcnfkvxym83tfsr3mzkjqxtwwg4	text/plain;charset=utf-8
581	774595582	774595583	774595584	774595585	774595586	774596	bc1pu38jvw42zms7jj5c0a2rh8snzenjnahtzvdz5tk6ddunl0j3xf7qnymmfc	image/jpeg
587	774598588	774598589	774598590	774598591	774598592	774599593	774599594	774599595	774599596	774600597	774600598	774600599	774604600	774604601	774605602	774605603	774605604	774606605	774606606	774606607	774606608	774607609	774607610	774607611	774607612	774609613	774609614	774609615	774611616	774611617	774611618	774612619	774612620	774612621	774614622	774615623	774615624	774617625	774617626	774617	bc1p3ky8p9ys26g698z8dyvlfn753mcgs4pecksrq6lpjlt7zrkap38sckagjw	text/html;charset=utf-8
627	774618628	774618629	774618630	774618	bc1pw248efg6utsapxfyr96wjuw03gfq0qu4andat6pnlsad239ef7wsf0w46g	image/png
631	774618632	774618633	774618634	774618635	774618636	774618637	774618638	774618639	774618640	774618641	774618642	774619643	774619644	774619	bc1p4chx3hy4v3hhyh78ry64xe0w39s7w0pwavtphe6dzqlknncnfnyqkrsuuw	text/html;charset=utf-8
645	774621	bc1pwhv05jtdfuxa8azwrtkle5hxsd5esdfx3vkzv9jmcsh9nmml9m9s778qn9	text/html;charset=utf-8
646	774624647	774624648	774624649	774624	bc1psnt8gk7dj8387j7ln2gurusdaftfawnd82a3duksk8d8k4drg33s8pkkqs	text/plain;charset=utf-8
650	774624651	774624652	774628653	774630654	774630655	774630656	774630657	774636658	774638659	774639660	774644661	774644	bc1pua45ea3jyzawuhkhjje8dz7xyzmwmyeyd4kex36h92dtsecr2gushycf8y	audio/mpeg
662	774644663	774644664	774644-11	774644665	774644666	774645667	774646	bc1psckt5804qa9skcvc9k80t29gegxcwdscvcjtl2pe4caysqmsnw9qqkvy44	image/jpeg
668	774653	bc1prmpj56xu902xslztjcuyefg4ya054xs6qt6886plhts0h8vnycgqdfrnaf	image/jpeg
669	774653670	774653671	774654	bc1pm3u80wpv69vryf5rfy6xm36uvgfcjgzkasgxlwg6lrd30vrchhsqgfx755	image/jpeg
672	774655	bc1pgl9klp86scpt2v26zrnkrjzr5jss626w7zyk65yemp5fyn4uwp8sk3h5yj	text/plain;charset=utf-8
673	774655674	774656	bc1p0p5hy7ycmtgg489c27gsn9lqqjusyw28777rjjxe7kqctd69ntmqf7ztr2	text/plain;charset=utf-8
675	774656	bc1pwjz8tcjwmh9czfpzqp7h0sadcpxxvqlwsm49srmtja94u9fun58qgzlvxd	image/png
676	774656	bc1ptjatkatfnq7cvj270p8zjxe7lwp6wd02l5yp3ll0sllyr3ncm48qenpyh8	image/png
677	774656	bc1pe8u7cutyq32dq736pvkc9lzcrw2qwxctgaju2egeqccdaha2yzhsjmgsc2	image/png
678	774656	bc1ph422k6m8lfrflwu9nhwvy6juh4d98s2p3kt0c0glpvsju27v5fpq93wkf3	image/png
679	774656680	774656	bc1p9ka3fj9hfywzrvvgpp2s4deryt5yjcr8ep760wea5rzql7n7qkkquwwp7k	image/png
681	774656	bc1p75ewpn8v2yh849fnt5uk389w8mhwx6a2qyyjv0hxsderkhg6d7aqasaxxv	image/png
682	774656	bc1p2uqeafldzeylkezr8pewjhxp2laq7np7qpeylm5nlcf597a20cvsc5kg85	image/png
683	774656	bc1pnc7d44qjw5x5t4qhyxnv289qtgte82yhj865z8x7ea9p0hwm5ttq9ax78m	image/png
684	774656685	774656	bc1pv5r6cztwkfgaaqzchcsrqql8pucafahd725uehnl520y8rpg8lxq3dff37	image/png
686	774656	bc1pwfhjeueeajp6wpm3r4lj62w8wn0axdmphdlmj9mv9rr4emnt5p4q686lc4	image/png
687	774656	bc1pv6cujcwel005nf487tyzxc6arr0tyrtsg94436agfpa3q9sj2k5sazkhym	image/png
688	774656	bc1pqql5cr9gmc480w5qfq7hye0k7zylszge3pl9j84uwtydzkxvfyrqmkrr93	image/png
689	774656	bc1p7jaatctu5p0m8223c8q5786cv8ef0slwzranhl8mq4k9yxv4fdaqs26zyd	image/png
690	774656	bc1pldzkkvhp2mkevcqzlv3wm26v49ah6eyuduwrxe4qr77unyg2e2jq25kx7p	image/png
691	774656	bc1p6t795xljj38e4ynxpm6w387gyud0tt5ecun42p8f5cr8gqvmn49sy364fv	image/png
692	774656	bc1p3f4t8y2s0puz9fu2rad60cw4h9zclr9l9hqcxhmgsmjk2revl4yqjnjzfx	image/png
693	774656	bc1p9u0x40et3md99fycwl5cuanxheyjc2cvlxakc6extfmpns997j6qw4vw4x	image/png
694	774656	bc1pc33p2gd8jp9qyhj78uwp5xw6e6m6ltrwuhens8zhg3cckuh4ye9sk6gvqq	image/png
695	774656	bc1pahtkydq7rqj6mxz562fx6x7juw74ty9j63kt66kulvn8tlfeclgsy0eke9	image/png
696	774656	bc1p3w9962m033hl4nm8sm7p0x673nh8aag3yvhf3uetgtkh8dagnlms0gqg4q	image/png
697	774656	bc1ptn9wqaaq4kvctm0pr8e54qma447xrhgvd0l9z7pgl2arqd9rcwrs8s8hmv	image/png
698	774656699	774656	bc1pfal587u7mn3qfkn82ehwkal7pgvyd02qd6q3xefqgn3umlzzc7zqw0m9um	image/png
700	774656	bc1phzln26twe853w5m2d35zgrffrjm93yrk9y47ncppt0swmk52pjxsc0w0ys	image/png
701	774656	bc1p628dkks8h35kksfx2xnts0vvd5g0z8se79xev3xs67cfk6twunaq9uzutw	image/png
702	774656	bc1pkv29pzz7cam96zyzaaf7dr4yvuzncrt3huje8ewey3tc43ssu80qvfg2w6	image/png
703	774656	bc1paqgd4synezny0ppat8wjcrmvrhtw8g2yt74vkd7enl2529sdwf5q57udhe	image/png
704	774656	bc1p0lh3nuwju8myfmssd90lzk49syczynuwwmhmkd0k65xleqtmzcdqk46egw	image/png
705	774656	bc1p3cumm7kerc7p6tdg3r9j8sqr8h0zny9c50z7wk5hmhzu4rj2wyksjanq7l	image/png
706	774656	bc1pvr3mqhzy3fuu0aun0f79h3raxp5ea352x5ep4r977mx00ezh7rfsqzlafp	image/png
707	774656	bc1phy6f8e9fdxnm5m0hsmpqvdagnwjez4xcv8jekmvztlctfa5e34wqz5g0kg	image/png
708	774656	bc1pmvzksk3rdj5v5vukmq780xfmv53y4q2lf4u2n5ltgr29jedkvswsr9mes0	image/png
709	774656	bc1psfjgpar43j4gjmha6g9m6m0f8k3aspvmv9rdfqed5u0w8ljgtzls2l3h0v	image/png
710	774656	bc1pfm2adql2cylvgm0zendha0ltejn5pvgrv984afy20uyz6xmv400qj6nv24	image/png
711	774656	bc1paqyyf3eejg9aelyf4xj0xfz0xmmagtxa7pf5pa5nsnnsss9vzezqya7mp3	image/png
712	774656	bc1pn3mnfklvrz4nawe7mzst8vlrah7dm03gwssrc30342a03ut05kqq4v8why	image/png
713	774656	bc1p7yjekxklhlzpz5n63er97s4q7gsjdzt0q8ktuctkdtlm0qrc7dyq65mpka	image/png
714	774656715	774656716	774656	bc1p4fl0hayp6e2k45d3scz27dyvra8muk5nkdrkju4sspsh74sunj4qakqeac	image/png
717	774656	bc1puacmuc4qqsnmmeleqtj4t3rr5hvcn9gg0k0ucph2gtylah79fhgqrrqak8	image/png
718	774657	bc1pw0dwe7l3hf2v50epzazpv4hfqh54ffqly5kwvvm97yvw4dlej03q3k0kej	text/plain;charset=utf-8
719	774657	bc1p25l268ft7hzp75v06k0y9yx5p2zn8myth93cwt38vys8gjsgklsscs50nk	image/png
720	774657	bc1puea5yt8lhsrx2htkxwvjxcdwkdfh2fgrjt04sg55td3xwt2mlhnq77v7e5	image/png
721	774657	bc1pytfp97xzxsle697j2stahgumyezp2ptcsmrqneq75369whrsdquqhttx2x	image/png
722	774657	bc1pntjwm2e58vcdkepk5fyecce9uz2r0c3fxypkqj4mutzwhqw8k57sgcn9xd	image/png
723	774657	bc1ph07kca97gj92f3r0c9t26mjc9scm0furt4nj3pkqdc6h4wxly3tqsfcmp3	image/png
724	774657	bc1pre6lksduwupg532qyc2fr8807x4h3j42pc9kd6gvz0pnvhsw999sq7nk4x	image/png
725	774657	bc1pa9rfdddcrnwxssdnv9ssw0vxgffvje4gzwm2l4w0f3626pa5v7csex7em2	image/png
726	774657	bc1pq8zxu5yaed7wdr98dlxz6xmsl46csg3hgpt6au36dt04rk2t3svst5pgv5	image/png
727	774657	bc1ptg8sjm7r8rvhwn03rsn5072c846gwsr4530kw3tkdznvvuw38tyse5jvc3	image/png
728	774657	bc1p0hk7reuxqxyjm8e5dmwxue4dpumn48ef9hh5jjkmwj6h8lz079ssuc86n0	image/png
729	774657	bc1p9jxftvyas9v34gj5hrsey5z2kx27euprwfuadpk7yv3g4jaq5h7qgh9m4x	image/png
730	774657	bc1pjdhm0f08w3kjzenr4ddrx3wqh9vqs94y4flf0s7xyguxwjx8h04sx9j2uq	image/png
731	774657	bc1pgpxtcrlhhx4h7l85z4lnh0n78gts3u3rrwlwnf67vwnkpz22nkxq45sxex	image/png
732	774657	bc1p3g4gd4g6fkccfm5g5p45yncugt949w9xmxv8aw0lr82l3aegg6usdpx0hu	image/png
733	774657	bc1pnewsk6yhpln4l7y0ls3lk5hcumj68w9ra63ugyyct94dz4au9yjq6pgeky	image/png
734	774657	bc1pc0smxa27df67q4vxmntp36ddmaudf07vwhxjg9gqj7x27san20cs6j8ylu	image/png
735	774657	bc1p4vqr9sejn4jaj4ssdu5p5xx94qxer6mmudd6wfy0q5jzpm4w2n6qz3c2lc	image/png
736	774657	bc1p92qqwqp9p55yh4z3swkp7pd2rct8wsclst0c9z9npwfs77azzh2qfdatcc	image/png
737	774657	bc1pz2eg099zc38c2h4ha6nhxhsavqer3kxmsmydjssv2vyhdv0vphhq6lhhu3	image/png
738	774657	bc1p3duwtzmt6da34avludzzv602xwjtfzrth4y5savt6p8z7ur45f8s59lgvn	image/png
739	774657	bc1p6kztuuyc0yfat0txme6aq5px4uqv72v4zq6nfr5wmpqk7angau2sxvvkem	image/png
740	774657	bc1p6m7kljflk5ydswlf3qzs85gpjtegm7us4ul4wfy3ch795vn45zzqh8gfd8	image/png
741	774657	bc1pyxwfaxfghj20hkvpdsafu9q433u58vv2c6kfu2t3g9rv4ync2wyqge299n	image/png
742	774657	bc1plwneen7m5nwds0m9s0397z5p9w7v4gw9ul20t79sawthh0mw9veqnfs5ym	image/png
743	774657	bc1pg44w66wt9sh6pgg8kh6pq3pr8suywcvz906cs77t6ns2sgevatnsns64w4	image/png
744	774657	bc1ptvyy8sz9klm9zaksv2cgencxql6c47r3rhymxamtuwf2jul86p5q0ff5np	image/png
745	774657	bc1p0zs04feeqmcag3vkyyqeetl49rklnhvrn54203f4yjf3ea0l0e4sy6d2x5	image/png
746	774657	bc1p84kye9f9u7sz3adxmavde33347wj9xkwlmxeppakc84teahppulqxlfcxj	image/png
747	774657	bc1pnv8d0d26pwnvpmshfhvsjhsecjv4jfvgqe4d8mz5uzflz3u5ugzq08yza3	image/png
748	774657	bc1pg5p3pl5ymmgs00vg69gqh9ellj9srmhcrnkr6vgnzm4zhqzgtryqz2zure	image/png
749	774657	bc1pzcwfdftspujn8my7w0fggwtccz3j4djjgyjkuyslreul47rn96estx9qae	image/png
750	774657	bc1pmj2nj64lktgv7huvra8eunrqxn0wncj2cu6577yvcmfx2x0u3t6qj00fvu	image/png
751	774657	bc1pxy326memyjtxvy4v7prhzscj5h77rf5u739n6t9hpuwspsm7kexshcvccc	image/png
752	774657	bc1p4gx25432f9w66fy3fc7ll7h367guucl236flgejrzak24dptus6q4fdvvc	image/png
753	774657	bc1pt6tvdfwqnvpl07zshn9luhg4pn2l7fvqjt2v3c4jtnzdwf9ny4jsksvsex	image/png
754	774657755	774657756	774657	bc1psw50ut905z6e66k3jj4es0jqm0n0af65p9puysmdye67275jfglq250599	image/png
757	774657	bc1pt59x2dxmx20x4z87nfxn2vvqh5cr5xss4zp7egas7lgmavejlxzql3wdg9	image/png
758	774657	bc1pce8c269579f5gzspdtg6q6p6a3ge8xhrffd7huz5dccchsdrwszq737d56	image/png
759	774657	bc1pc9yqrsejqygl6el33x9felmwny0fdclrs3edh2ptmz5d2tq544wqnqhf0d	image/png
760	774657	bc1p7cy4vk8jxklmy8ssmdwv4kw9n9lwexh4dp5kd7a7ufv7p883weqsl6eczr	image/png
761	774657762	774657	bc1pcsnctudxr2ktc77a7ntq5vzy3pya768ljz6crqern38zkv35nfrscm6j59	image/png
763	774657	bc1pynfqpjh6nx80k5d0hltm4n00t8tn8qzlmpedjddt8epzsf0jjqkqdrcamq	image/png
764	774657	bc1pgu0ytcs85xv2pxds8g3t029z7qk48d9eyn6f52a29w8nr34u82ysvsaq7j	image/png
765	774657	bc1pn64w602w40l32lp39mswyr7pwaq8m3zn862tswyafnad2yxfsgjqvpe5qp	image/png
766	774657	bc1p0jc9dzktf8dsa0gs8jyz5zjk328dn9wq4zz0g7j0xduna4t09p2sh4nmqf	image/png
767	774657	bc1pj487jkkkreva7w9drq7c6kw6gdmh4xz8u3s79ntlppcsws8pzrzslxgzy8	image/png
768	774657769	774657	bc1pnhhp6p6y70j95998mnw8074t3d6w3gjf20f73enqxs39v6pr3zzq8ewpzc	image/png
770	774657	bc1ptysudvcwuzk9grr4hqjdpxun5fwvumk8nfrlzevecz757hd9g8zqq5yfuh	image/png
771	774657	bc1pqqlgvkj4z6m3fqfdsasr08skzclnnjjlfp602mt5vpg9xftjsrzsnqh5kr	image/png
772	774657	bc1p4hzqqgu3hw4f773ck5xvwjh5fkc03jgvn4hqm74gnn7l5clunr9qlc5zuu	image/png
773	774657	bc1pwl7p33ecxt22fyf7nuta74g3ed0nn3q2cl6l5xge6cj4dc5txnrsfmqv9z	image/png
774	774657	bc1pf3kkq6ptsnnqjsa525x5n3e0f7apkxkv3qknadtvdg5rkay4wamq0579cy	image/png
775	774657	bc1peqfs0g2kqguuzkjn2rw0l05s8fwew9upl0d9nra5graa9m4agx3q66dshe	image/png
776	774658	bc1pq5zkmwgx5u03v6xqtca89l9dnrvsuenq0t6xuhpc59xcjl4wxjls6kc6qn	image/png
777	774658	bc1p58svxhqjwwahxu23xdln6szeav5wjh7remtv3ctsgwju209c4fcqjvz73s	image/png
778	774658	bc1ppfnhp046kf2eqztmqdx0fptxrfdlgy4p8qp6024xxdlnhumvlg8q4vshuy	image/png
779	774658	bc1p4gmtce9h3egecekqat5tfh0r547cdlxg8pdzh702v56le553pfhspahzs5	image/png
780	774658	bc1pwwne763lspqk2mq860g5tclxqregn5vdpq3280759uv07fv40l2stujszq	image/png
781	774658	bc1pwpupvyyjmehl4krw08zjhpn2mtqr2wp7x0c2cvcyry2mvq3dnwdqkg3lq0	image/png
782	774658	bc1pe99dqvz33wujhd45acfdqul88hvz0wk3jzklhs94ssqhsxx72m8svyx2mc	image/png
783	774658	bc1pgqdhua3vj3hq6v9sdsygcz8yyx7cvhrt7jrfw93ur9qlv387a7uq09zdh6	image/png
784	774658	bc1pyac7uqdn2fr0qcpshq33fpgdga2vrclmvfyjf7lj9fw2fkz7p7ds087nsd	image/png
785	774658	bc1pshhrx9gnk2gkg98fetymqkgg39fm7p6kg3lsuv5s3nqqg0cl6c0qmwllxw	image/png
786	774658	bc1pz76jrhdu52klv7dpgerszh6fyfhf7hht8ytya9y88wpw6ul0624squulgz	image/png
787	774658	bc1pelhnu6vlsd9nnlj0pcxmyvrmljk4l480p565vhm8m78j4uhdk4nq3rff8x	image/png
788	774658	bc1pqpnm0jeuvpm7xh4h82j4pm3tqwh98d22wz6jckldulk0mjhtgn7qnurfw8	image/png
789	774658	bc1pe2369qdm5h4k5kuw07nfskzaag06snwgcmkn72dp8n3u5vw5tpts8c72xm	image/png
790	774658	bc1phz8lg5ktyxnj9hhpewt3erakm63emc45fryre6pu04w5ssfs6r6s32ukss	image/png
791	774658	bc1pjzyexxx0ttycrcdlz2eap6gtzuew6q0e0ec2pa4f8mqxetk6sstqva5y56	image/png
792	774658	bc1pak2jecehxhedl033vcr63k36zfz5haz7uycmna5pt9qf5nr2r4aqrhc2ty	image/png
793	774658	bc1pxw45tm5fml92zehg5xwah5z7kvlqvl4jx38lp9fvmc86krz0rl7qwerdnm	image/png
794	774658	bc1p52k77j4kwrxtu9nejsez5ahl60q5h3w5pzs8s4qvkehxztq5uf6shvc4ay	image/png
795	774658	bc1pskvpjzvurzd33m47gxsu9rm2x9xq2amqelqwt8uns2nn4cxluvkqv2cfx9	image/png
796	774658797	774658	bc1p8y9v3mpx49khmw576ve53p9w3qye9cznmpn7kd5l0l2xwgyahzjsz5vk77	image/png
798	774658	bc1p2n5sazeaepz4jwuu4u7fwxd2nn9esp69ck8dm3k8vgs03ddmsj7shn34x7	image/png
799	774658	bc1prt9p9545jhz072fycrykgfmhcw9fyn9mwz8armn50fp6gmvd0h7sra4jdz	image/png
800	774658	bc1p5aqfuv4yxp6xgm9qe8tkll34kzmcjmuwrhwpyl2t3sgn6p9lyp8snyn3vp	image/png
801	774658	bc1p08g3kqswemj504ugv8f7cv9vrg7u6clg86qffxnj0y5yh44qh4xqhxyqts	image/png
802	774658	bc1pnv3jmx2x6mme0ykxvaut4t4wqsg7ezamju7klz77gv3ukd6qlxns4hlmf9	image/png
803	774658	bc1pznsjdru5f523ysnh37x29880f2amlupf3gd0z96tqx3ucx2kmv2sh0p4k7	image/png
804	774658	bc1p4854l9m9eh3dwdhx43v5pjm73nyx2pesm64pqnrl0vau94kuvvkq7585ez	image/png
805	774658	bc1p509c0mee2dmvwyu2x45cpv2v7cqmhfx6cexesl9kap65lpll9qmszmcqt7	image/png
806	774658	bc1pyq2mvffpskvdzzsrs0tausr4saaagrw5xhk5cauvkenzefrs2gas5jpjvr	image/png
807	774658	bc1pum0ayqqzmuekr5l3vygghevhkgm59f93rgtfsqdpmwsdd8y3jw7qlxd2w3	image/png
808	774658	bc1pes6086jnq9mmatp9aag6c2jfjdaj5augukhjvcyfy9lq78kwuf0s0n5nxy	image/png
809	774658	bc1pyfzr0cmvcp9pmeck9lhgzsfsvg8cnwq8l0gvkjerzkg59gdj79xq9cv60q	image/png
810	774658	bc1py9sv5smth9xsqga9u5uxxv5gya79yjjyv0klm7a9gxj7ffezl0hsjsc7dh	image/png
811	774658	bc1pnnpkpr7k6syw0dtz662jy78tzasxn83du0a540vn4nldqdcwykgsd5reae	image/png
812	774658	bc1p5k53h6rs27kv29rnxt4ymuajec9h638j5jhcer90heskrr0rejts87tuys	image/png
813	774658	bc1puyrwhl7tj072kkn3wpfchtfqcu47agtre0z8pchqk7t25zj42svstquks9	image/png
814	774659	bc1px44450kpa78yzwh9xd5yfx6zvs6zhhmt32r6cn0zfj6lfqdnxrpq6wtg4e	image/png
815	774659	bc1pjdl9wdw8dydy36gpzatyh2225dhsfw33zdt68twnqpsf8wxm6mrqhxullm	image/png
816	774659	bc1pkne94uue0rwp2xtyv9s4qhgfvxvctj4d3xsssendx0f5w70gjpxszsc0ce	image/png
817	774659	bc1pfwsk3jyhf44wkh2gkyvzfne6wgzwkcdedp0zet6npmec7adem3hsm8x3ud	image/png
818	774659	bc1pqn4kg04prvzl42px76l0syz4awl38l4tu5lvd0ly7ujn0fkntxwsc6y7sx	image/png
819	774659	bc1pgc77wf0atgncj3cpq7lq4dl42ecncu0443nta7xe8ut8ytj3frfqt5gzfd	image/png
820	774659	bc1p4r3nglyda35ws66phqrlu5nnk72eazh73y6449czzvdycpxnsfkqzrus6n	image/png
821	774659822	774659823	774659824	774659	bc1p3vtm0wqafsnljrma0eve9ecssru76y4v6jl06tp8e5srq3dz6zzqhwy5m8	text/plain;charset=utf-8
825	774659826	774659	bc1pkasg8ypupzf2gaz3l0rz4c5ys2x5tqz2t2ueymxpw8d05xtez7gsslhuky	image/jpeg
827	774659828	774659829	774659	bc1p4tqn7ag4uug24mvuujh8w8h8ftvl2ucsh89vv6rux4zdx6mursvqsgzuql	text/plain;charset=utf-8
830	774659831	774659	bc1p6thurm3q59zvxjjqwk0n6hk233x5mll73enrv2yvsnzcr8cd07yqlrrner	text/plain;charset=utf-8
832	774660833	774660	bc1pee88c66n04jz0myclntvryfzsh5t0kpsp84umpc5aj8tarvjg5eqdavnv7	image/png
834	774660835	774660	bc1plpd8z7quphqgz2z84gwknmljdvukrwhnu499tp06pgzf99zhwvrskgrlm2	image/png
836	774660	bc1pj7f7qy7354vkutrep5uscncp8wu9xvdfngjf45l8pgjyrj9r9s6qr65np6	image/png
837	774660838	774660839	774660840	774660841	774660842	774660843	774660	bc1p4l5dks7jjm7cerycnv7gn3twz7lf63y7mutu9dw90ymexv0cy6lqqnnemv	text/plain;charset=utf-8
844	774660	bc1p625nyl5gj3nwf4fx8eqmzf4suf2vke5f7x2whv59auxju432cmmsf2ll2l	text/plain;charset=utf-8
845	774660846	774660847	774660	bc1pn3t7dwj7zns7w8w9zpyudw42js47tm8j3x8f8z8sh5pj3vjfumgq4g3j6p	text/plain;charset=utf-8
848	774660849	774660850	774661	bc1p2myjq75ejdn2kpt03wfg5tmmknsvt023e9vq85s66u2t80q7g9lsrjynh2	image/png
851	774661	bc1ps7zrvm95cx3rlqz0ks75yg336vgkq8p69vw664u299jvz3mwpw7sg2yjaa	image/png
852	774661	bc1pwct8s068tkr87fpzeyf9v3xnqw4s22q9cc5pecxxn9w8e5j2cw5qepp4l9	image/png
853	774661	bc1pxpcna2tksf582mvsn32s9fzlva2v0dgnehux2a9gfu96dltwvadskezsma	image/jpeg
854	774661855	774661856	774661857	774661	bc1puge3n7j2vf92z25x56mg3ny57f2x5jflj9aq7psh7vvjkpafmlwqdqqas0	image/png
858	774661859	774661	bc1pu0lhc2dhhwq2fycwqqyg9tj4c34zspxyfv0j56yzzczkf5pcvresq88tng	image/png
860	774662	bc1ptctj4uknecv882d8y9nx03eagxzylhmnd2q89wmvp3j7gqvv5x4sg2t655	image/png
861	774663	bc1pl8najpt3tzhm9csejp0frrglh5zp594pp95a7y5pxhpe8fj0ypvqkdyj8x	image/png
862	774663	bc1p4juvns4nh9tn0yl8dyqajelgv0rld4mqux5addm9cmgnjjecq2yq2pf2hz	image/png
863	774663	bc1p625mhtfsd79lax0c5lu2hvjqcur8fegjxj2vf4hf26mymhwy4rkse45efn	image/png
864	774663	bc1p2rdtpkp68thdl734vjxeuhef5h7j77q8lthdxvxx34rrcv9nmhyqrhcmc3	image/png
865	774663	bc1puj8c003kmynxvrg8v7hnwd6kvmysvqal33wjash5dxuzh0waze7q0hjpjs	image/png
866	774664	bc1p9gyshkeg7dv2xjnn0aj26x4j445kahjd7ze9s06w7k0ss5f33sqqenv0yd	image/png
867	774664	bc1pzm2hsqs5uv7q58j7tl4vsrf0tm8q0a0p63tayjmwr4fcc8a4qp8s44ls7f	image/png
868	774664	bc1p57gcdx35fckef0vnew8ueurkwmy9z8cetceqfct8hmcjzu4g7pwqsf3pxq	image/png
869	774664	bc1p0c8exghymnad5dctnkh509ma2m2auk4geh7ts70sgw92jjd664jsauvklv	image/png
870	774664	bc1ppuc3690ezj47pu5u829976x8u4gafc265m4yekz0pj6xjemxj5dq3k8090	image/png
871	774664	bc1pxch6xluhuus22w9yrtzgt3kd3af7t7cngqmpru5hz536sglcajzs95330l	image/png
872	774664	bc1pqe403ap0fckz682dn8c7y7d6dte88m3rhs9nlfv30skgye82q2msnmvsjv	image/png
873	774664	bc1plvempq79l02mmwpyljmmfvn7ucs4u0qshxxsysqcrnsq60952quqzy4kny	image/png
874	774664	bc1p9y35m044zxrvmfyj4u58l5nyde0sjlmq3aqmsfpkvectcwnuwhnqgjge30	image/png
875	774664	bc1pdvfzgezwujs24tc283f9cr788qv6fjtkjpqunwtj5r7zk9uc0hhqkfm5l2	image/png
876	774664	bc1pftl4zz6xm3aly4cje27jmkmqqy44gj74ad8ndhkap3w76jdt7pkscfhg88	image/png
877	774664	bc1pvq3aw7g6t5mr0a35pgws3v3qvqnve5g34zrs5x8exlpd0p8xlprsuzrstv	image/png
878	774664	bc1p4y4jf8lm2ragmduln2yuartcsd46vfwqssr0x4qh03pn6qchl5zqda6j7k	image/png
879	774664	bc1pdqgdxvtc2p36e8t5pqvnw3734rcakvph3y5cyln42cnl3p26h25s5kr4uz	image/png
880	774664	bc1pu3je6zs8hygleq8e0wqd9m96au85q60epxp6qxxkjk64ghw79jmqw2aq6z	image/png
881	774666	bc1pgfwqdjx6xpnu5rypnesvw29jk0mjrsxja5pd557l6nmalvy476nqktw3f8	image/png
882	774666	bc1pm8fhm5d3s8cxh496a22677xm9zedffxjcjkz4k0queyquqkrsulqms6fha	image/png
883	774666884	774666	bc1p2vpl7zylx3feglf6exfkymj8phmvt6hvc253htpw7ywmev0cvauqmmzt4n	image/png
885	774666	bc1p3dl72enf04l8hcqeaz9qkffvdhlvsf3ndqn2s9l7056gemrwrq3qz4aagy	image/png
886	774667	bc1p5jdkwukwhwsgawa82kcmszxakggs25fghzf3m6n8lgqzczulr97sqenlz2	text/plain;charset=utf-8
887	774667	bc1p8zpw2qztu3yt5stjqm8z60akx2hc0dqrpetlvsf6gstz3euqe7ysgmqzv2	image/gif
888	774669	bc1prm8zegslnuvpgt82x78ahzu8xe2k30a44354ystzgpzzn3emvvpss8xx2r	text/plain;charset=utf-8
889	774669	bc1pl6p5z7ejxwjt7c5ksnm784a750d98ss3eptxlgyu6qly7smtc2sqz7aaxq	text/plain;charset=utf-8
890	774669891	774669	bc1pcp0lg76a3jxtj0epdr64xu7pnwf4sxlyen23tnmm88xg2u5deqvq944zlt	text/plain;charset=utf-8
892	774669893	774670	bc1pggymcwpt7qqg4nc4mdpaqdy40qc62sn2gdjfsk0ytq9xstchhvns2uc9un	image/png
894	774670	bc1p3haf3jf3407r0ncdgn98tkqyeku4z2rleka92wxlgas7jtr84qxszxskt0	image/png
895	774670	bc1p9tsmxtrus0706xcnz9jtm28j5mgft2wdjhhs4t6nt3shkh98aytswhrmu9	image/png
896	774670	bc1px3wspx8grdrup3pf4zva9c28xvlar4qpsfvnpgksrnkckgshfp6swrtnmq	image/png
897	774670	bc1ps2nddx30f2qmc5ex65j6stm4xna09zspmcr507hzrwqzm8l6j0cqtc9ums	image/png
898	774670	bc1p45d92puza5a9v9cyvcr3tz5ystzx9dxekth2grpg8cvcg82z5snqm3majs	image/png
899	774670	bc1p49a06stud5ehfvjkhvq4wqkd09q7klhlyrxpfxadfqlkrysg3kqqp2snyw	image/png
900	774670	bc1pa76z7f04jlu07zmny8306rdnyhwny8a6psux0dk22krxz8tkx9nq2cndg4	image/png
901	774670	bc1pmjdk6g6gr2p8dz8tzvs0nxm33m444r9fae33feva0fdt8qrwnvgsf969j2	image/png
902	774670	bc1p34h8jumcpclqt5vpz8tkksl240er9rm0rumpyg3c7nv8g7sf5uzqpd2n5y	image/png
903	774670904	774671	bc1ppwk4waedsf2avy99c0ay9w3mpcu22692gzja6j2jvzuttug46c3q8aru4u	image/png
905	774671	bc1pj94nkm4a5l6q924xua4htaej2v3wdnxn0jq8psm0r7cxwfe5whsq5jyq0h	image/png
906	774671	bc1p4m6pwd74w3m67d9gwmxvkhn9j9kuyxx0z07eys6xsmlgf0rwjnxqp3addp	image/png
907	774671	bc1paf44j9e36vus6tlnemc0xewq33q3lawsrv42ftyzw5wmj3786h2s82tv9j	image/png
908	774671	bc1pss0cpeuz7vcdep9wyrmr9selucu5e8xlhxw93lfx0v9nyc858nxskd5sd5	image/png
909	774671	bc1p8h85gh5880zkg5hkkuc2cqe6yata9wypjhmc3hpmzkwxx6080krqmm7g6m	image/png
910	774671	bc1ph3kq04t02zceaj5nv77r97zg6cunxhk3rz7yl80nrgpu9sz0c0nqwc8k07	image/png
911	774671	bc1pgm5jxm82w094rel28gqa68d5eurvn82mzkt8qlet4yekfxamgr7sqma3dd	image/png
912	774671	bc1pc7lq5y0zd8ncu25texuv7fj9a86ccyf9r7g8dycuves2u5k84pgqp3sx5n	image/png
913	774671	bc1pl5yteenfds5mkvt4mk3e38z022pmua86esa3px0xgjxd4qjh2g7szhld53	image/png
914	774671	bc1pppw6qjcqlq5w86399jhjaywmqjjaj2j26yy4yuqdj25q4ph57qcqvv8vgg	image/png
915	774671	bc1pywxwwus08tp3txk4aupa4gh2vqhnx23nr2lp8ysgllf2zn9724zq92g3eg	image/png
916	774671	bc1phnt2f79vdg4y7cr5ewehl6hsu7z6xmekkcsn37n0vg6nsa0emvnspx2ejy	image/png
917	774671	bc1pvt7h2v7alwxlcrgmmm2g2kehqpf78258xpf23e6jh5ux5wpnukmsnl8xfr	image/png
918	774671	bc1pk8pldfr7gn5cmwk8fw2kkw3cg7dd4rz44gv03f6827dx2nsvseysz7ul0w	image/png
919	774671	bc1pzklf58463fn9mlgxatuv43hvd2n2c0ae2zrvc60ggzgxeklkpycq29z6rk	image/jpeg
920	774671	bc1px8nknrjwsatf0xn5nfvmd295vxagsxledhajpnhpaza524q37rnsl9fdgs	image/jpeg
921	774672	bc1phavnkgmk23nseusvuhl3sccwx5zw6xma3qpwe7z3kvr0f7gu8jtqx0c9qf	text/plain;charset=utf-8
922	774672	bc1p97j56z3vky2vqsus6fqx53kvaen6nygvzx4up3l4znnyrn6ztxuqmvzvk9	image/png
923	774672	bc1p2d3glamx6dys42ugc6fjpxgkeve609zs4ejpju79msypppsjd98qzm7ml5	image/png
924	774672	bc1pu3hagmnfc8h32y552kqyr3afl5njnnpn5pc2ep5vjp0xy8vvwaes25dvky	image/png
925	774672	bc1ppysy4thne5g926ulc967gm6fr2ju23ngu0q2ekxqwqz5zjcfd32qmgl5pg	image/png
926	774672	bc1pv70exxjqg40evx3d9rf7c52mglk8wpdw44dhsrpqcnhmrmcdchasl8h2kq	image/png
927	774672	bc1p4cd6wfwg36e3v83cla8kteceve7egvdwcm5rnhw4rx8nzgvxdmxs9z7d58	image/png
928	774672	bc1pefrkf9v3azx8kpt5lzjpknpu7y6y60tepv734cf7ey588d85ymlqw0wz34	image/png
929	774672	bc1pv50kx6xm3cgvwddsusxqnhhk2z0hr0v3ejf2qe84del4t674qzmqffhxlx	image/png
930	774672	bc1pjr94dwn3fqxj08xwtevtd5pj6sukcc0yc75a32ndkd48dksv4y0qan7vd9	image/png
931	774672	bc1pjex89cjlx9lc47kex9tkrp09q9xuaudndsr2c64agjxz53nnht9s6cqrep	image/png
932	774672	bc1p8pup8v5kun2x0cl9sz4qzd3k4sh0sdrrrg2wzy8x6ut5tjckurkqzvjdxw	image/png
933	774674	bc1p3cglsttqyutxalwhvx09zus28xrc49ysptvd8lvqxn8lpwcj0t6s6y46wk	image/jpeg
934	774676935	774676936	774676937	774676938	774676939	774676940	774677941	774677942	774677943	774679944	774680	bc1p483us53nfgzq30clhxq29d9gsnnwtyutklqp54kc5pwjlxfepttsza6c3r	image/svg+xml
945	774680	bc1pfmyqakhwrx2rrdn8lanvek945ztseyt7wufgwm63ycz6c6c95nrqkhn4wd	image/svg+xml
946	774680	bc1pg4xt52kzh4qggvj55sdrltxx7twwq4ljla3u2zfvw9szphjalhmskq0ksd	image/svg+xml
947	774680948	774680949	774680950	774680951	774680952	774680	bc1p6z7ssy5nxn2f8f4k0fzsew6lv8hc3f8t07267smazyf25y8z7cgqz6df52	text/plain;charset=utf-8
953	774680	bc1p8hqx0g6myclwyd5ve7h30gtc3hecz4cv79xxm5wd5dxc625uuecq5s4e54	text/plain;charset=utf-8
954	774680955	774681	bc1pay9nxylpjcgnx27my8y2crc3k0mu4ulk0ecs8aj9mcarqn4ar23q0z6qx6	image/png
956	774681957	774682958	774682959	774682960	774682961	774682962	774682963	774682964	774682965	774682	bc1p9qc68p3de5ake2qsstmesy45lwg44ksdkj7rxptfxmspu8antrlsn0680t	text/plain;charset=utf-8
966	774683967	774683968	774684969	774685970	774688	bc1p5m5a7d30ems8rtklxxzz99q72zzrnz98u00lvxzhd2tdtgaelc3ql3q8zv	image/png
971	774688972	774689973	774689974	774689975	774689976	774689977	774689978	774689	bc1p4g0e488fnt6g555lu4er5hxtu88m0qtvlrj8vjr9qlzey9j2u66q0j2pw2	application/epub+zip
979	774691980	774691981	774692982	774692983	774692984	774692985	774693986	774693987	774693988	774693989	774693